{"train/loss": 1.0194222927093506, "train/accuracy": 0.5, "train/learning_rate": 2.5603864734299522e-05, "_runtime": 18, "_timestamp": 1643987054, "_step": 52, "_wandb": {"runtime": 17}}