{"train/loss": 0.4462828040122986, "train/accuracy": 1.0, "train/learning_rate": 0.0, "_runtime": 108, "_timestamp": 1643987367, "_step": 539, "validation/step": 9, "validation/loss": 0.892252232347216, "validation/accuracy": 0.6071428571428571, "_wandb": {"runtime": 107}}