{"train/loss": 1.1306586265563965, "train/accuracy": 0.0, "train/learning_rate": 2.5603864734299522e-05, "_runtime": 18, "_timestamp": 1643987148, "_step": 52}